{"index_key": "OPQ256_1792,IVF65536_HNSW32,PQ256x8", "index_param": "nprobe=119,efSearch=238,ht=2048", "index_path": "/weka/home-griffin/clinical_pile/v1/embedding_index/knn.index", "size in bytes": 5657337904, "avg_search_speed_ms": 18.808382835512266, "99p_search_speed_ms": 26.41263294033691, "reconstruction error %": 44.507139921188354, "nb vectors": 19462208, "vectors dimension": 4096, "compression ratio": 56.36375646689673}